gold_close,oil_close,btc_close,IS_HOLIDAY,Year,Month,Weekday,IS_WEEKDAY,btc_open,btc_high,btc_low,gold_open,gold_high,gold_low,oil_open,oil_high,oil_low,btc_daily_pct_change,btc_rolling_volatility_7,btc_rolling_volatility_30,oil_daily_pct_change,oil_rolling_volatility_7,oil_rolling_volatility_30,gold_daily_pct_change,gold_rolling_volatility_7,gold_rolling_volatility_30
100,80,10000,0,2024,11,4,1,9992.841516093322,10209.240906816376,9768.006364434712,100.01144285525523,100.6529422016887,99.35473402081573,80.08125480805339,81.43888291771644,78.59578867190548,-0.0787452711656591,3.083857647129608,3.3424192562837685,0.03858288777250957,1.9349087273098502,2.0762949295443183,-0.020424522246674473,0.6872577842576097,0.7306986805336596
